false_positive_rate,true_positive_rate,threshold
0.0,0.0,inf
0.0,0.04481132075471698,1.0
0.0,0.05110062893081761,0.9999999
0.0,0.05660377358490566,0.99999976
0.0,0.05817610062893082,0.99999964
0.0,0.06289308176100629,0.9999994
0.0,0.0660377358490566,0.9999982
0.0,0.06761006289308176,0.9999981
0.0,0.07075471698113207,0.9999969
0.0,0.07547169811320754,0.9999963
0.0,0.07625786163522012,0.9999962
0.0,0.07783018867924528,0.99999547
0.0,0.08647798742138364,0.99999166
0.00014001680201624196,0.08647798742138364,0.9999907
0.00014001680201624196,0.10220125786163523,0.9999702
0.0002800336040324839,0.10220125786163523,0.99996996
0.0002800336040324839,0.13286163522012578,0.9996952
0.00042005040604872583,0.13286163522012578,0.99968743
0.00042005040604872583,0.15251572327044025,0.99926823
0.0005600672080649678,0.15251572327044025,0.9992231
0.0005600672080649678,0.21069182389937108,0.99384224
0.0007000840100812098,0.21069182389937108,0.99383944
0.0007000840100812098,0.2138364779874214,0.9925688
0.0008401008120974517,0.2138364779874214,0.9924892
0.0008401008120974517,0.21933962264150944,0.9913127
0.0009801176141136937,0.21933962264150944,0.9911963
0.0009801176141136937,0.22169811320754718,0.9910909
0.0011201344161299357,0.22169811320754718,0.99107707
0.0011201344161299357,0.22562893081761007,0.9897097
0.0012601512181461775,0.22562893081761007,0.98969156
0.0012601512181461775,0.23034591194968554,0.98815155
0.0014001680201624195,0.23034591194968554,0.9881417
0.0014001680201624195,0.2358490566037736,0.98635733
0.0015401848221786615,0.2358490566037736,0.9862576
0.0015401848221786615,0.24056603773584906,0.9850139
0.0016802016241949033,0.24056603773584906,0.98433036
0.0016802016241949033,0.24135220125786164,0.98409814
0.0018202184262111453,0.24135220125786164,0.9839474
0.0018202184262111453,0.24528301886792453,0.98290527
0.0019602352282273874,0.24528301886792453,0.98278
0.0019602352282273874,0.2468553459119497,0.98173887
0.002100252030243629,0.2468553459119497,0.98137534
0.002100252030243629,0.24764150943396226,0.9809467
0.0022402688322598714,0.24764150943396226,0.97985876
0.0022402688322598714,0.24842767295597484,0.9795679
0.002380285634276113,0.24842767295597484,0.97914565
0.002380285634276113,0.24921383647798742,0.9784712
0.002520302436292355,0.24921383647798742,0.97840834
0.002520302436292355,0.25235849056603776,0.97761226
0.002660319238308597,0.25235849056603776,0.9773999
0.002660319238308597,0.2539308176100629,0.97684073
0.002800336040324839,0.2539308176100629,0.97675085
0.002800336040324839,0.25471698113207547,0.9766159
0.002940352842341081,0.25471698113207547,0.9765055
0.002940352842341081,0.2555031446540881,0.9762389
0.003080369644357323,0.2555031446540881,0.9759665
0.003080369644357323,0.2578616352201258,0.97535986
0.003220386446373565,0.2578616352201258,0.9749272
0.003220386446373565,0.26022012578616355,0.97378135
0.0033604032483898066,0.26022012578616355,0.9734812
0.0033604032483898066,0.2665094339622642,0.9701521
0.003500420050406049,0.2665094339622642,0.9699073
0.003500420050406049,0.2696540880503145,0.96918935
0.0036404368524222907,0.2696540880503145,0.96845955
0.0036404368524222907,0.27437106918238996,0.96541226
0.0037804536544385325,0.27437106918238996,0.9642268
0.0037804536544385325,0.27672955974842767,0.9632208
0.004060487258471017,0.27672955974842767,0.9625646
0.004060487258471017,0.279874213836478,0.95988107
0.004200504060487258,0.279874213836478,0.9597202
0.004200504060487258,0.28223270440251574,0.9574772
0.004480537664519743,0.28223270440251574,0.95458525
0.004480537664519743,0.2838050314465409,0.95329416
0.004620554466535984,0.2838050314465409,0.95260346
0.004620554466535984,0.2861635220125786,0.9505202
0.004760571268552226,0.2861635220125786,0.9503417
0.004760571268552226,0.2869496855345912,0.95002156
0.004900588070568469,0.2869496855345912,0.9482182
0.004900588070568469,0.28773584905660377,0.9477747
0.00504060487258471,0.28773584905660377,0.94761735
0.00504060487258471,0.2893081761006289,0.9465799
0.005180621674600952,0.2893081761006289,0.94629616
0.005180621674600952,0.29245283018867924,0.94434965
0.005320638476617194,0.29245283018867924,0.94432586
0.005320638476617194,0.29559748427672955,0.9403691
0.005460655278633436,0.29559748427672955,0.9399031
0.005460655278633436,0.29638364779874216,0.93853146
0.005880705684682162,0.29638364779874216,0.9364229
0.005880705684682162,0.30424528301886794,0.9302311
0.006020722486698404,0.30424528301886794,0.9296582
0.006020722486698404,0.30660377358490565,0.9286629
0.006160739288714646,0.30660377358490565,0.9281546
0.006160739288714646,0.3168238993710692,0.9200302
0.0063007560907308875,0.3168238993710692,0.9200213
0.0063007560907308875,0.3199685534591195,0.9172478
0.006580789694763372,0.3199685534591195,0.91696125
0.006580789694763372,0.32154088050314467,0.9156225
0.006720806496779613,0.32154088050314467,0.91549796
0.006720806496779613,0.3231132075471698,0.91383314
0.0068608232987958555,0.3231132075471698,0.91353416
0.0068608232987958555,0.3238993710691824,0.91332096
0.007000840100812098,0.3238993710691824,0.9132927
0.007000840100812098,0.3309748427672956,0.9101009
0.007140856902828339,0.3309748427672956,0.90954983
0.007140856902828339,0.33176100628930816,0.90912914
0.007280873704844581,0.33176100628930816,0.9086965
0.007280873704844581,0.3341194968553459,0.9063324
0.007560907308877065,0.3341194968553459,0.9042812
0.007560907308877065,0.33490566037735847,0.90389466
0.00784094091290955,0.33490566037735847,0.903676
0.00784094091290955,0.3388364779874214,0.8991179
0.00798095771492579,0.3388364779874214,0.89890873
0.00798095771492579,0.34040880503144655,0.8967065
0.008120974516942034,0.34040880503144655,0.8964946
0.008120974516942034,0.34827044025157233,0.8907557
0.00854102492299076,0.34827044025157233,0.88893205
0.00854102492299076,0.3490566037735849,0.88879913
0.008681041725007001,0.3490566037735849,0.88812095
0.008681041725007001,0.35062893081761004,0.8855765
0.008961075329039486,0.35062893081761004,0.88438094
0.008961075329039486,0.3522012578616352,0.8829558
0.009381125735088211,0.3522012578616352,0.8809227
0.009381125735088211,0.35455974842767296,0.880228
0.009801176141136937,0.35455974842767296,0.87947327
0.009801176141136937,0.3584905660377358,0.87531155
0.009941192943153179,0.3584905660377358,0.8740822
0.009941192943153179,0.35927672955974843,0.87392145
0.010221226547185663,0.35927672955974843,0.87210673
0.010221226547185663,0.360062893081761,0.87167925
0.010361243349201904,0.360062893081761,0.87129056
0.010361243349201904,0.36163522012578614,0.8698705
0.010641276953234389,0.36163522012578614,0.86775404
0.010641276953234389,0.3639937106918239,0.86691326
0.01078129375525063,0.3639937106918239,0.8667479
0.01078129375525063,0.3663522012578616,0.8655578
0.011201344161299356,0.3663522012578616,0.86247593
0.011201344161299356,0.3671383647798742,0.86148727
0.01148137776533184,0.3671383647798742,0.8608424
0.01148137776533184,0.36792452830188677,0.8598798
0.011621394567348082,0.36792452830188677,0.8594572
0.011621394567348082,0.3687106918238994,0.85926104
0.011761411369364323,0.3687106918238994,0.85815346
0.011761411369364323,0.37264150943396224,0.8548936
0.012041444973396808,0.37264150943396224,0.8539508
0.012041444973396808,0.3789308176100629,0.84849644
0.012321478577429292,0.3789308176100629,0.84780085
0.012321478577429292,0.37971698113207547,0.84779716
0.012461495379445534,0.37971698113207547,0.8473445
0.012461495379445534,0.3860062893081761,0.84309095
0.012601512181461775,0.3860062893081761,0.8430383
0.012601512181461775,0.38836477987421386,0.8412454
0.01288154578549426,0.38836477987421386,0.8406866
0.01288154578549426,0.3891509433962264,0.8406528
0.013161579389526744,0.3891509433962264,0.8387881
0.013161579389526744,0.39072327044025157,0.8362746
0.013301596191542985,0.39072327044025157,0.8362447
0.013301596191542985,0.3915094339622642,0.835496
0.013441612993559227,0.3915094339622642,0.833435
0.013441612993559227,0.3922955974842767,0.83265626
0.01358162979557547,0.3922955974842767,0.8308111
0.01358162979557547,0.39622641509433965,0.82798225
0.013861663399607952,0.39622641509433965,0.8264094
0.013861663399607952,0.4001572327044025,0.8240015
0.014001680201624195,0.4001572327044025,0.8238449
0.014001680201624195,0.40172955974842767,0.82321954
0.014141697003640437,0.40172955974842767,0.82193935
0.014141697003640437,0.4025157232704403,0.82169056
0.014421730607672921,0.4025157232704403,0.82109725
0.014421730607672921,0.40408805031446543,0.8192749
0.014841781013721647,0.40408805031446543,0.8181034
0.014841781013721647,0.404874213836478,0.81732744
0.015261831419770373,0.404874213836478,0.8156898
0.015261831419770373,0.4056603773584906,0.8154759
0.01582189862783534,0.4056603773584906,0.8134384
0.01582189862783534,0.4080188679245283,0.8112816
0.01638196583590031,0.4080188679245283,0.80699956
0.01638196583590031,0.40959119496855345,0.80659604
0.016661999439932792,0.40959119496855345,0.80632526
0.016661999439932792,0.41037735849056606,0.80627835
0.01708204984598152,0.41037735849056606,0.80450106
0.01708204984598152,0.4111635220125786,0.8044265
0.017502100252030243,0.4111635220125786,0.80231935
0.017502100252030243,0.41352201257861637,0.80046046
0.017642117054046485,0.41352201257861637,0.8001122
0.017642117054046485,0.4143081761006289,0.7996623
0.018062167460095212,0.4143081761006289,0.7986221
0.018062167460095212,0.4158805031446541,0.79782915
0.018202184262111454,0.4158805031446541,0.79592466
0.018202184262111454,0.4166666666666667,0.79591095
0.018762251470176423,0.4166666666666667,0.79461986
0.018762251470176423,0.41823899371069184,0.79424053
0.018902268272192664,0.41823899371069184,0.793244
0.018902268272192664,0.42059748427672955,0.79256135
0.019042285074208905,0.42059748427672955,0.7924584
0.019042285074208905,0.425314465408805,0.78826886
0.019602352282273874,0.425314465408805,0.7857568
0.019602352282273874,0.4268867924528302,0.7855827
0.019742369084290116,0.4268867924528302,0.78555685
0.019742369084290116,0.4276729559748428,0.78520316
0.019882385886306357,0.4276729559748428,0.7845633
0.019882385886306357,0.42924528301886794,0.78372437
0.02030243629235508,0.42924528301886794,0.78273076
0.02030243629235508,0.43160377358490565,0.7762775
0.02072248669840381,0.43160377358490565,0.7737755
0.02072248669840381,0.43238993710691825,0.773651
0.02086250350042005,0.43238993710691825,0.7727497
0.02086250350042005,0.4331761006289308,0.77156705
0.02100252030243629,0.4331761006289308,0.7710553
0.02100252030243629,0.4339622641509434,0.77031416
0.021142537104452533,0.4339622641509434,0.7695423
0.021142537104452533,0.43474842767295596,0.76898485
0.021282553906468778,0.43474842767295596,0.76897925
0.021282553906468778,0.4371069182389937,0.7674144
0.02142257070848502,0.4371069182389937,0.76731664
0.02142257070848502,0.4441823899371069,0.7632305
0.021702604312517502,0.4441823899371069,0.7626133
0.021702604312517502,0.4449685534591195,0.76259625
0.021842621114533743,0.4449685534591195,0.7620097
0.021842621114533743,0.44654088050314467,0.76175743
0.021982637916549985,0.44654088050314467,0.76160127
0.021982637916549985,0.4481132075471698,0.76075536
0.022402688322598712,0.4481132075471698,0.7601106
0.022402688322598712,0.449685534591195,0.7583604
0.022682721926631195,0.449685534591195,0.7574058
0.022682721926631195,0.45047169811320753,0.7570216
0.02296275553066368,0.45047169811320753,0.75653106
0.02296275553066368,0.4520440251572327,0.75634295
0.023102772332679922,0.4520440251572327,0.7560431
0.023102772332679922,0.45361635220125784,0.7554055
0.023242789134696164,0.45361635220125784,0.754908
0.023242789134696164,0.455188679245283,0.75413036
0.023382805936712405,0.455188679245283,0.7527419
0.023382805936712405,0.4559748427672956,0.75243044
0.023522822738728646,0.4559748427672956,0.7523455
0.023522822738728646,0.45676100628930816,0.75221384
0.024222906748809857,0.45676100628930816,0.7495083
0.024222906748809857,0.45754716981132076,0.7487953
0.024642957154858584,0.45754716981132076,0.7472137
0.024642957154858584,0.4583333333333333,0.7457791
0.024782973956874826,0.4583333333333333,0.74556553
0.024782973956874826,0.4606918238993711,0.7440373
0.024922990758891067,0.4606918238993711,0.7439116
0.024922990758891067,0.46147798742138363,0.7437259
0.025623074768972277,0.46147798742138363,0.74143296
0.025623074768972277,0.4630503144654088,0.74100184
0.02576309157098852,0.4630503144654088,0.74046254
0.02576309157098852,0.4638364779874214,0.7403429
0.02590310837300476,0.4638364779874214,0.7400262
0.02590310837300476,0.46540880503144655,0.739711
0.026043125175021,0.46540880503144655,0.7393664
0.026043125175021,0.4661949685534591,0.738486
0.02660319238308597,0.4661949685534591,0.7358493
0.02660319238308597,0.46855345911949686,0.7348597
0.026883225987118453,0.46855345911949686,0.7335746
0.026883225987118453,0.47091194968553457,0.73277706
0.02730327639316718,0.47091194968553457,0.73133326
0.02730327639316718,0.4740566037735849,0.73061895
0.027583309997199663,0.4740566037735849,0.72852415
0.027583309997199663,0.4748427672955975,0.7277796
0.027723326799215905,0.4748427672955975,0.7270641
0.027723326799215905,0.47562893081761004,0.72692966
0.027863343601232146,0.47562893081761004,0.72645
0.027863343601232146,0.47641509433962265,0.7264459
0.028423410809297115,0.47641509433962265,0.7244155
0.028423410809297115,0.4772012578616352,0.72437066
0.0287034444133296,0.4772012578616352,0.7228128
0.0287034444133296,0.4779874213836478,0.72240067
0.028843461215345843,0.4779874213836478,0.722332
0.028843461215345843,0.47877358490566035,0.721608
0.029263511621394567,0.47877358490566035,0.7206475
0.029263511621394567,0.47955974842767296,0.7201484
0.029543545225427053,0.47955974842767296,0.718728
0.029543545225427053,0.4803459119496855,0.71752745
0.03010361243349202,0.4803459119496855,0.7167765
0.03010361243349202,0.4811320754716981,0.7159853
0.030383646037524505,0.4811320754716981,0.71580595
0.030383646037524505,0.48191823899371067,0.7154804
0.031783814057686925,0.48191823899371067,0.7130346
0.031783814057686925,0.4827044025157233,0.7129334
0.03192383085970316,0.4827044025157233,0.7126608
0.03192383085970316,0.4834905660377358,0.71254855
0.032483898067768135,0.4834905660377358,0.7107921
0.032483898067768135,0.48427672955974843,0.7107572
0.03262391486978437,0.48427672955974843,0.7105876
0.03262391486978437,0.4858490566037736,0.7103292
0.03276393167180062,0.4858490566037736,0.7097331
0.03276393167180062,0.48663522012578614,0.7096152
0.03318398207784934,0.48663522012578614,0.707626
0.03318398207784934,0.48742138364779874,0.70738083
0.033323998879865584,0.48742138364779874,0.7073777
0.033323998879865584,0.4882075471698113,0.7070092
0.03346401568188183,0.4882075471698113,0.7065165
0.03346401568188183,0.4889937106918239,0.70648175
0.033604032483898066,0.4889937106918239,0.7059704
0.033604032483898066,0.48977987421383645,0.7057133
0.034724166900028004,0.48977987421383645,0.70259583
0.034724166900028004,0.49056603773584906,0.70258844
0.03514421730607673,0.49056603773584906,0.7022071
0.03514421730607673,0.4921383647798742,0.7015306
0.0357042845141417,0.4921383647798742,0.7006401
0.0357042845141417,0.49292452830188677,0.69935405
0.03584430131615794,0.49292452830188677,0.6990229
0.03584430131615794,0.4944968553459119,0.69862723
0.03640436852422291,0.4944968553459119,0.6962571
0.03640436852422291,0.49528301886792453,0.6956186
0.03710445253430412,0.49528301886792453,0.6947771
0.03710445253430412,0.4960691823899371,0.69473594
0.03780453654438533,0.4960691823899371,0.69318867
0.03780453654438533,0.4968553459119497,0.6930665
0.037944553346401566,0.4968553459119497,0.6925838
0.037944553346401566,0.49842767295597484,0.6924593
0.03878465415849902,0.49842767295597484,0.6902578
0.03878465415849902,0.4992138364779874,0.6894139
0.03892467096051526,0.4992138364779874,0.6892857
0.03892467096051526,0.5007861635220126,0.68890816
0.03962475497059647,0.5007861635220126,0.687389
0.03962475497059647,0.5015723270440252,0.68690664
0.03990478857462895,0.5015723270440252,0.68620497
0.03990478857462895,0.5023584905660378,0.68602884
0.04018482217866144,0.5023584905660378,0.6858143
0.04018482217866144,0.5055031446540881,0.6848533
0.04032483898067768,0.5055031446540881,0.6845545
0.04032483898067768,0.5062893081761006,0.68397564
0.040464855782693925,0.5062893081761006,0.68361133
0.040464855782693925,0.5070754716981132,0.6835175
0.04060487258471016,0.5070754716981132,0.68343216
0.04060487258471016,0.5086477987421384,0.6827662
0.041164939792775135,0.5086477987421384,0.6819378
0.041164939792775135,0.5094339622641509,0.6815918
0.04130495659479137,0.5094339622641509,0.6814894
0.04130495659479137,0.5110062893081762,0.6812978
0.04144497339680762,0.5110062893081762,0.6812332
0.04144497339680762,0.5117924528301887,0.6811631
0.041865023802856345,0.5117924528301887,0.6802639
0.041865023802856345,0.5133647798742138,0.6796717
0.04200504060487258,0.5133647798742138,0.67880994
0.04200504060487258,0.514937106918239,0.6785925
0.042285074208905066,0.514937106918239,0.67755413
0.042285074208905066,0.5157232704402516,0.6771193
0.04242509101092131,0.5157232704402516,0.6766025
0.04242509101092131,0.5172955974842768,0.6764398
0.043405208625035004,0.5172955974842768,0.67438734
0.043405208625035004,0.5180817610062893,0.6743294
0.04382525903108373,0.5180817610062893,0.67417145
0.04382525903108373,0.5188679245283019,0.67383444
0.0443853262391487,0.5188679245283019,0.6720187
0.0443853262391487,0.5196540880503144,0.6719299
0.044805376645197424,0.5196540880503144,0.6713385
0.044805376645197424,0.5204402515723271,0.6710699
0.04564547745729487,0.5204402515723271,0.66883934
0.04564547745729487,0.5212264150943396,0.66849244
0.04578549425931112,0.5212264150943396,0.6680009
0.04578549425931112,0.5220125786163522,0.66771096
0.04592551106132736,0.5220125786163522,0.6674218
0.04592551106132736,0.5227987421383647,0.66737396
0.0460655278633436,0.5227987421383647,0.66706973
0.0460655278633436,0.5235849056603774,0.66666675
0.04704564547745729,0.5235849056603774,0.66502947
0.04704564547745729,0.52437106918239,0.664844
0.04746569588350602,0.52437106918239,0.66414213
0.04746569588350602,0.5251572327044025,0.66393965
0.04858583029963596,0.5251572327044025,0.6601536
0.04858583029963596,0.5259433962264151,0.65996397
0.04928591430971717,0.5259433962264151,0.65830946
0.04928591430971717,0.5290880503144654,0.6573879
0.05012601512181462,0.5290880503144654,0.65600085
0.05012601512181462,0.5306603773584906,0.6555874
0.050546065527863344,0.5306603773584906,0.6545413
0.050546065527863344,0.5314465408805031,0.65432054
0.05082609913189583,0.5314465408805031,0.65378004
0.05082609913189583,0.5322327044025157,0.6536902
0.05096611593391207,0.5322327044025157,0.6534986
0.05096611593391207,0.5330188679245284,0.6533219
0.051246149537944555,0.5330188679245284,0.65224457
0.051246149537944555,0.5338050314465409,0.6521351
0.05152618314197704,0.5338050314465409,0.65184194
0.05152618314197704,0.5345911949685535,0.6516778
0.05166619994399328,0.5345911949685535,0.651658
0.05166619994399328,0.5361635220125787,0.6512306
0.05222626715205825,0.5361635220125787,0.6508437
0.05222626715205825,0.5385220125786163,0.6504848
0.05250630075609073,0.5385220125786163,0.64994735
0.05250630075609073,0.5400943396226415,0.6489145
0.052646317558106975,0.5400943396226415,0.64832383
0.052646317558106975,0.5408805031446541,0.64809495
0.05320638476617194,0.5408805031446541,0.64699906
0.05320638476617194,0.5416666666666666,0.64620674
0.053346401568188186,0.5416666666666666,0.6461611
0.053346401568188186,0.5432389937106918,0.6460237
0.05362643517222067,0.5432389937106918,0.64555
0.05362643517222067,0.5440251572327044,0.6452291
0.05390646877625315,0.5440251572327044,0.64510953
0.05390646877625315,0.5455974842767296,0.64469403
0.05432651918230188,0.5455974842767296,0.6430019
0.05432651918230188,0.5479559748427673,0.6415989
0.0547465695883506,0.5479559748427673,0.64095277
0.0547465695883506,0.5511006289308176,0.6404187
0.05516661999439933,0.5511006289308176,0.6398521
0.05516661999439933,0.5518867924528302,0.6397837
0.05544665359843181,0.5518867924528302,0.6393178
0.05544665359843181,0.5534591194968553,0.6392402
0.05586670400448054,0.5534591194968553,0.63831294
0.05586670400448054,0.5542452830188679,0.6381135
0.056986838420610475,0.5542452830188679,0.6368522
0.056986838420610475,0.5550314465408805,0.6368091
0.05726687202464296,0.5550314465408805,0.63663995
0.05726687202464296,0.5558176100628931,0.63654774
0.058527023242789133,0.5558176100628931,0.6353116
0.058527023242789133,0.5573899371069182,0.6349729
0.05894707364883786,0.5573899371069182,0.6341432
0.05894707364883786,0.5581761006289309,0.63396865
0.05964715765891907,0.5581761006289309,0.6336585
0.05964715765891907,0.5589622641509434,0.6336376
0.06020722486698404,0.5589622641509434,0.632435
0.06020722486698404,0.559748427672956,0.63208103
0.060627275273032764,0.559748427672956,0.63163143
0.060627275273032764,0.5605345911949685,0.6314819
0.06146737608513021,0.5605345911949685,0.6299571
0.06146737608513021,0.5621069182389937,0.6290163
0.06188742649117894,0.5621069182389937,0.62886006
0.06188742649117894,0.5628930817610063,0.6285779
0.062027443293195185,0.5628930817610063,0.62828815
0.062027443293195185,0.5636792452830188,0.6280323
0.06230747689722767,0.5636792452830188,0.62791294
0.06230747689722767,0.5644654088050315,0.62761545
0.0627275273032764,0.5644654088050315,0.6261882
0.0627275273032764,0.565251572327044,0.62614095
0.0634276113133576,0.565251572327044,0.6250101
0.0634276113133576,0.5660377358490566,0.6248971
0.06552786334360124,0.5660377358490566,0.6222428
0.06552786334360124,0.5683962264150944,0.6211452
0.06580789694763371,0.5683962264150944,0.6209219
0.06580789694763371,0.5691823899371069,0.6205942
0.0670680481657799,0.5691823899371069,0.6194704
0.0670680481657799,0.5699685534591195,0.61914057
0.06720806496779613,0.5699685534591195,0.6187255
0.06720806496779613,0.5707547169811321,0.6186508
0.06762811537384486,0.5707547169811321,0.6180019
0.06762811537384486,0.5723270440251572,0.617804
0.06846821618594232,0.5723270440251572,0.61690813
0.06846821618594232,0.5731132075471698,0.6166344
0.06888826659199104,0.5731132075471698,0.61610615
0.06888826659199104,0.5738993710691824,0.61526954
0.06902828339400728,0.5738993710691824,0.6149009
0.06902828339400728,0.574685534591195,0.61465317
0.06972836740408848,0.574685534591195,0.6143716
0.06972836740408848,0.5762578616352201,0.61314523
0.07014841781013721,0.5762578616352201,0.6125663
0.07014841781013721,0.5770440251572327,0.61248314
0.07070848501820218,0.5770440251572327,0.61203694
0.07070848501820218,0.5778301886792453,0.61184996
0.07126855222626716,0.5778301886792453,0.6102446
0.07126855222626716,0.5786163522012578,0.61022437
0.07280873704844582,0.5786163522012578,0.6079872
0.07280873704844582,0.5794025157232704,0.6074046
0.07378885466255951,0.5794025157232704,0.60627836
0.07378885466255951,0.5801886792452831,0.60556245
0.07392887146457575,0.5801886792452831,0.6054936
0.07392887146457575,0.5809748427672956,0.6052664
0.074068888266592,0.5809748427672956,0.60516256
0.074068888266592,0.5817610062893082,0.6051007
0.07434892187062447,0.5817610062893082,0.6045437
0.07434892187062447,0.5825471698113207,0.6045232
0.07490898907868944,0.5825471698113207,0.6035792
0.07490898907868944,0.5841194968553459,0.60341936
0.07560907308877066,0.5841194968553459,0.60196245
0.07560907308877066,0.5849056603773585,0.6016427
0.07616914029683562,0.5849056603773585,0.6010878
0.07616914029683562,0.5872641509433962,0.59947616
0.07658919070288435,0.5872641509433962,0.5990083
0.07658919070288435,0.5880503144654088,0.5988328
0.07714925791094931,0.5880503144654088,0.598486
0.07714925791094931,0.5888364779874213,0.59839606
0.07770932511901428,0.5888364779874213,0.5980493
0.07770932511901428,0.589622641509434,0.5978956
0.07784934192103052,0.589622641509434,0.5978594
0.07784934192103052,0.5904088050314465,0.5978558
0.07882945953514421,0.5904088050314465,0.596872
0.07882945953514421,0.5919811320754716,0.5967755
0.07924950994119294,0.5919811320754716,0.59640545
0.07924950994119294,0.5943396226415094,0.59607637
0.07938952674320919,0.5943396226415094,0.59603673
0.07938952674320919,0.595125786163522,0.5957435
0.07994959395127416,0.595125786163522,0.59502685
0.07994959395127416,0.5959119496855346,0.5949069
0.08036964435732288,0.5959119496855346,0.59422046
0.08036964435732288,0.5966981132075472,0.5941833
0.08078969476337161,0.5966981132075472,0.59391934
0.08078969476337161,0.5974842767295597,0.59367377
0.08092971156538785,0.5974842767295597,0.5931952
0.08092971156538785,0.5982704402515723,0.59293205
0.08148977877345281,0.5982704402515723,0.5926673
0.08148977877345281,0.60062893081761,0.5920913
0.08162979557546905,0.60062893081761,0.5920836
0.08162979557546905,0.6014150943396226,0.59191585
0.0817698123774853,0.6014150943396226,0.5918333
0.0817698123774853,0.6022012578616353,0.5917044
0.08260991318958275,0.6022012578616353,0.5899399
0.08260991318958275,0.6029874213836478,0.58988315
0.08499019882385886,0.6029874213836478,0.58633226
0.08499019882385886,0.6037735849056604,0.5858055
0.08513021562587511,0.6037735849056604,0.5857881
0.08513021562587511,0.6045597484276729,0.58575773
0.08597031643797255,0.6045597484276729,0.58439356
0.08597031643797255,0.6053459119496856,0.58436
0.08653038364603753,0.6053459119496856,0.5830475
0.08653038364603753,0.6069182389937107,0.5827051
0.08793055166619994,0.6069182389937107,0.57973355
0.08793055166619994,0.6077044025157232,0.57965034
0.08821058527023243,0.6077044025157232,0.57924104
0.08821058527023243,0.6084905660377359,0.5789162
0.0887706524782974,0.6084905660377359,0.5777847
0.0887706524782974,0.610062893081761,0.5775432
0.08891066928031363,0.610062893081761,0.57741725
0.08891066928031363,0.6124213836477987,0.5768173
0.08919070288434612,0.6124213836477987,0.5767095
0.08919070288434612,0.6132075471698113,0.57667685
0.08989078689442734,0.6132075471698113,0.57528234
0.08989078689442734,0.6139937106918238,0.5752114
0.09003080369644358,0.6139937106918238,0.57508874
0.09003080369644358,0.6147798742138365,0.57481414
0.09059087090450854,0.6147798742138365,0.57461417
0.09059087090450854,0.6155660377358491,0.5743087
0.09073088770652478,0.6155660377358491,0.5742298
0.09073088770652478,0.6163522012578616,0.573793
0.09101092131055727,0.6163522012578616,0.5733992
0.09101092131055727,0.6171383647798742,0.57326764
0.091430971716606,0.6171383647798742,0.57291704
0.091430971716606,0.6179245283018868,0.57290745
0.09283113973676842,0.6179245283018868,0.570747
0.09283113973676842,0.6187106918238994,0.5706062
0.09311117334080089,0.6187106918238994,0.57037413
0.09311117334080089,0.6194968553459119,0.57014716
0.09423130775693084,0.6194968553459119,0.5682088
0.09423130775693084,0.6202830188679245,0.56801385
0.09535144217306077,0.6202830188679245,0.56700087
0.09535144217306077,0.6210691823899371,0.566836
0.095491458975077,0.6210691823899371,0.5667437
0.095491458975077,0.6226415094339622,0.5663584
0.09731167740128815,0.6226415094339622,0.56398875
0.09731167740128815,0.6234276729559748,0.5638394
0.09745169420330439,0.6234276729559748,0.56370366
0.09745169420330439,0.6242138364779874,0.56292844
0.09773172780733688,0.6242138364779874,0.5627241
0.09773172780733688,0.625,0.56264377
0.09801176141136936,0.625,0.56254023
0.09801176141136936,0.6257861635220126,0.562146
0.09871184542145058,0.6257861635220126,0.56062466
0.09871184542145058,0.6273584905660378,0.56018215
0.09955194623354803,0.6273584905660378,0.55865616
0.09955194623354803,0.6281446540880503,0.55860716
0.10039204704564547,0.6281446540880503,0.55761296
0.10039204704564547,0.6312893081761006,0.5567729
0.10053206384766172,0.6312893081761006,0.55669546
0.10053206384766172,0.6320754716981132,0.55632615
0.10109213105572669,0.6320754716981132,0.5556787
0.10109213105572669,0.6336477987421384,0.555451
0.10137216465975916,0.6336477987421384,0.555343
0.10137216465975916,0.6344339622641509,0.55515754
0.10221226547185662,0.6344339622641509,0.55453455
0.10221226547185662,0.6352201257861635,0.5544484
0.10333239988798656,0.6352201257861635,0.55285144
0.10333239988798656,0.6360062893081762,0.5525238
0.10375245029403528,0.6360062893081762,0.55233103
0.10375245029403528,0.6367924528301887,0.5522913
0.10557266872024643,0.6367924528301887,0.55015934
0.10557266872024643,0.6375786163522013,0.5499349
0.10683281993839261,0.6375786163522013,0.54853207
0.10683281993839261,0.6383647798742138,0.5484195
0.10739288714645757,0.6383647798742138,0.5474999
0.10739288714645757,0.6391509433962265,0.5474515
0.10753290394847381,0.6391509433962265,0.5471195
0.10753290394847381,0.639937106918239,0.54691213
0.10837300476057127,0.639937106918239,0.54509985
0.10837300476057127,0.6407232704402516,0.5450887
0.10865303836460376,0.6407232704402516,0.54498523
0.10865303836460376,0.6415094339622641,0.54481256
0.10907308877065248,0.6415094339622641,0.5444435
0.10907308877065248,0.6430817610062893,0.5441629
0.10963315597871745,0.6430817610062893,0.54288584
0.10963315597871745,0.6438679245283019,0.5428574
0.11033323998879865,0.6438679245283019,0.5420753
0.11033323998879865,0.6446540880503144,0.5420581
0.11047325679081489,0.6446540880503144,0.5420422
0.11047325679081489,0.6454402515723271,0.5417408
0.11061327359283114,0.6454402515723271,0.54124504
0.11061327359283114,0.6470125786163522,0.5406674
0.11075329039484738,0.6470125786163522,0.5406164
0.11075329039484738,0.64937106918239,0.53977406
0.11117334080089611,0.64937106918239,0.5393777
0.11117334080089611,0.6501572327044025,0.5393696
0.11145337440492858,0.6501572327044025,0.5386427
0.11145337440492858,0.6517295597484277,0.5381402
0.11159339120694484,0.6517295597484277,0.5380084
0.11159339120694484,0.6525157232704403,0.53783274
0.11243349201904229,0.6525157232704403,0.53692245
0.11243349201904229,0.6533018867924528,0.53671765
0.11327359283113973,0.6533018867924528,0.5356808
0.11327359283113973,0.6540880503144654,0.5355841
0.11341360963315598,0.6540880503144654,0.5355536
0.11341360963315598,0.6564465408805031,0.53528464
0.1148137776533184,0.6564465408805031,0.5325929
0.1148137776533184,0.6580188679245284,0.53233653
0.11607392887146457,0.6580188679245284,0.5296461
0.11607392887146457,0.6595911949685535,0.529091
0.11677401288154579,0.6595911949685535,0.5277181
0.11677401288154579,0.660377358490566,0.5277126
0.11789414729767572,0.660377358490566,0.5265358
0.11789414729767572,0.6611635220125787,0.5264122
0.11943433211985438,0.6611635220125787,0.5243077
0.11943433211985438,0.6635220125786163,0.5235747
0.11957434892187062,0.6635220125786163,0.523421
0.11957434892187062,0.6650943396226415,0.5231512
0.12027443293195184,0.6650943396226415,0.5226331
0.12027443293195184,0.6658805031446541,0.5225847
0.12097451694203304,0.6658805031446541,0.52158844
0.12097451694203304,0.6666666666666666,0.52138877
0.12125455054606553,0.6666666666666666,0.5212814
0.12125455054606553,0.6674528301886793,0.5209484
0.12335480257630915,0.6674528301886793,0.5191422
0.12335480257630915,0.6682389937106918,0.51908433
0.12433492019042285,0.6682389937106918,0.5178795
0.12433492019042285,0.6690251572327044,0.51783466
0.12587510501260152,0.6690251572327044,0.51596403
0.12587510501260152,0.6698113207547169,0.51566947
0.1271352562307477,0.6698113207547169,0.51412076
0.1271352562307477,0.6713836477987422,0.5138905
0.12741528983478018,0.6713836477987422,0.5133011
0.12741528983478018,0.6721698113207547,0.5132325
0.12769532343881265,0.6721698113207547,0.5127417
0.12769532343881265,0.6737421383647799,0.5120618
0.12867544105292636,0.6737421383647799,0.5109194
0.12867544105292636,0.6745283018867925,0.51054335
0.13077569308316997,0.6745283018867925,0.5076495
0.13077569308316997,0.675314465408805,0.507207
0.13091570988518622,0.675314465408805,0.5071982
0.13091570988518622,0.6761006289308176,0.5067805
0.13133576029123495,0.6761006289308176,0.50589556
0.13133576029123495,0.6768867924528302,0.5056999
0.13161579389526742,0.6768867924528302,0.50489575
0.13161579389526742,0.6776729559748428,0.50433314
0.13175581069728368,0.6776729559748428,0.504176
0.13175581069728368,0.6784591194968553,0.50401795
0.1334360123214786,0.6784591194968553,0.5030239
0.1334360123214786,0.6792452830188679,0.50302094
0.13441612993559227,0.6792452830188679,0.50190586
0.13441612993559227,0.6800314465408805,0.5013129
0.1355362643517222,0.6800314465408805,0.49990502
0.1355362643517222,0.6816037735849056,0.4993763
0.13623634836180343,0.6816037735849056,0.49894246
0.13623634836180343,0.6823899371069182,0.49891102
0.1379165499859983,0.6823899371069182,0.49667844
0.1379165499859983,0.6839622641509434,0.49606505
0.13889666760011202,0.6839622641509434,0.49472484
0.13889666760011202,0.6855345911949685,0.49453148
0.14141697003640435,0.6855345911949685,0.49233556
0.14141697003640435,0.6863207547169812,0.49200815
0.1415569868384206,0.6863207547169812,0.49185324
0.1415569868384206,0.6871069182389937,0.49177614
0.14505740688882665,0.6871069182389937,0.48814195
0.14505740688882665,0.6878930817610063,0.4880932
0.1465975917110053,0.6878930817610063,0.48650843
0.1465975917110053,0.6886792452830188,0.48643327
0.14743769252310276,0.6886792452830188,0.48599783
0.14743769252310276,0.6894654088050315,0.48593193
0.14939792775133015,0.6894654088050315,0.48426977
0.14939792775133015,0.690251572327044,0.48421043
0.14981797815737888,0.690251572327044,0.4832183
0.14981797815737888,0.6910377358490566,0.48292756
0.14995799495939513,0.6910377358490566,0.48279002
0.14995799495939513,0.6926100628930818,0.48247197
0.1502380285634276,0.6926100628930818,0.48203564
0.1502380285634276,0.6941823899371069,0.48180166
0.1524782973956875,0.6941823899371069,0.48021716
0.1524782973956875,0.6965408805031447,0.4795909
0.1531783814057687,0.6965408805031447,0.4780573
0.1531783814057687,0.6973270440251572,0.47768995
0.15359843181181743,0.6973270440251572,0.47722578
0.15359843181181743,0.6981132075471698,0.477207
0.15415849901988238,0.6981132075471698,0.47702584
0.15415849901988238,0.6988993710691824,0.47699392
0.15443853262391488,0.6988993710691824,0.47608283
0.15443853262391488,0.699685534591195,0.47577372
0.1555586670400448,0.699685534591195,0.47529095
0.1555586670400448,0.7004716981132075,0.47503915
0.1565387846541585,0.7004716981132075,0.474321
0.1565387846541585,0.7012578616352201,0.47430363
0.1582189862783534,0.7012578616352201,0.47249207
0.1582189862783534,0.7020440251572327,0.47237217
0.15877905348641838,0.7020440251572327,0.4715846
0.15877905348641838,0.7028301886792453,0.4714886
0.1596191542985158,0.7028301886792453,0.47038427
0.1596191542985158,0.7036163522012578,0.47038305
0.1598991879025483,0.7036163522012578,0.47009435
0.1598991879025483,0.7044025157232704,0.46967486
0.16045925511061326,0.7044025157232704,0.4692003
0.16045925511061326,0.7051886792452831,0.46895406
0.160879305516662,0.7051886792452831,0.4686235
0.160879305516662,0.7059748427672956,0.46799865
0.16171940632875945,0.7059748427672956,0.46751684
0.16171940632875945,0.7067610062893082,0.4674635
0.16199943993279192,0.7067610062893082,0.4672177
0.16199943993279192,0.7075471698113207,0.46703354
0.16213945673480817,0.7075471698113207,0.4670093
0.16213945673480817,0.7083333333333334,0.46679848
0.16479977597311676,0.7083333333333334,0.46371296
0.16479977597311676,0.7099056603773585,0.463618
0.16647997759731167,0.7099056603773585,0.46191636
0.16647997759731167,0.710691823899371,0.46165982
0.1669000280033604,0.710691823899371,0.46138924
0.1669000280033604,0.7114779874213837,0.4612004
0.1688602632315878,0.7114779874213837,0.4596638
0.1688602632315878,0.7122641509433962,0.45962387
0.17152058246989638,0.7122641509433962,0.45773286
0.17152058246989638,0.7130503144654088,0.45751494
0.17264071688602634,0.7130503144654088,0.45543736
0.17264071688602634,0.7138364779874213,0.45540413
0.17278073368804256,0.7138364779874213,0.45532554
0.17278073368804256,0.714622641509434,0.45518604
0.17446093531223747,0.714622641509434,0.4525922
0.17446093531223747,0.7154088050314465,0.4525838
0.17502100252030245,0.7154088050314465,0.45239818
0.17502100252030245,0.7161949685534591,0.4523945
0.17586110333239988,0.7161949685534591,0.45143574
0.17586110333239988,0.7169811320754716,0.45142457
0.17796135536264351,0.7169811320754716,0.45002922
0.17796135536264351,0.7177672955974843,0.44989774
0.17866143937272472,0.7177672955974843,0.44914156
0.17866143937272472,0.7185534591194969,0.44893336
0.17908148977877344,0.7185534591194969,0.44887507
0.17908148977877344,0.7193396226415094,0.4487871
0.1799215905908709,0.7193396226415094,0.44814956
0.1799215905908709,0.7209119496855346,0.44807607
0.1816017922150658,0.7209119496855346,0.4469241
0.1816017922150658,0.7216981132075472,0.4468991
0.1865023802856343,0.7216981132075472,0.44289106
0.1865023802856343,0.7224842767295597,0.442843
0.1866423970876505,0.7224842767295597,0.44283086
0.1866423970876505,0.7248427672955975,0.4424192
0.18706244749369924,0.7248427672955975,0.44220683
0.18706244749369924,0.72562893081761,0.44195345
0.18762251470176422,0.72562893081761,0.44154695
0.18762251470176422,0.7264150943396226,0.44139743
0.18818258190982917,0.7264150943396226,0.44119537
0.18818258190982917,0.7272012578616353,0.44111463
0.18832259871184542,0.7272012578616353,0.44096506
0.18832259871184542,0.7279874213836478,0.44091144
0.1888826659199104,0.7279874213836478,0.4405065
0.1888826659199104,0.7287735849056604,0.44049966
0.18986278353402408,0.7287735849056604,0.43972453
0.18986278353402408,0.7295597484276729,0.43965432
0.1912629515541865,0.7295597484276729,0.43869525
0.1912629515541865,0.7303459119496856,0.43855104
0.19252310277233267,0.7303459119496856,0.43727234
0.19252310277233267,0.7311320754716981,0.43721992
0.19406328759451133,0.7311320754716981,0.43625763
0.19406328759451133,0.7319182389937107,0.43624786
0.19490338840660879,0.7319182389937107,0.43546626
0.19490338840660879,0.7334905660377359,0.43509153
0.1951834220106413,0.7334905660377359,0.434855
0.1951834220106413,0.7342767295597484,0.43473303
0.19560347241669002,0.7342767295597484,0.43438956
0.19560347241669002,0.735062893081761,0.43427137
0.19840380845701483,0.735062893081761,0.4320028
0.19840380845701483,0.7366352201257862,0.43167832
0.19868384206104733,0.7366352201257862,0.43146268
0.19868384206104733,0.7374213836477987,0.4313395
0.1989638756650798,0.7374213836477987,0.43122217
0.1989638756650798,0.7382075471698113,0.43087745
0.19924390926911228,0.7382075471698113,0.43028113
0.19924390926911228,0.7389937106918238,0.43021238
0.20008401008120974,0.7389937106918238,0.43002453
0.20008401008120974,0.7397798742138365,0.42988855
0.20078409409129094,0.7397798742138365,0.42937577
0.20078409409129094,0.7413522012578616,0.4290518
0.2009241108933072,0.7413522012578616,0.42887843
0.2009241108933072,0.7429245283018868,0.42867586
0.20176421170540465,0.7429245283018868,0.42839316
0.20176421170540465,0.7437106918238994,0.42834127
0.2019042285074209,0.7437106918238994,0.42828652
0.2019042285074209,0.7444968553459119,0.42816934
0.20218426211145338,0.7444968553459119,0.42803764
0.20218426211145338,0.7452830188679245,0.42796975
0.20274432931951833,0.7452830188679245,0.42785132
0.20274432931951833,0.7460691823899371,0.42767975
0.20358443013161578,0.7460691823899371,0.42732745
0.20358443013161578,0.7468553459119497,0.4272877
0.2038644637356483,0.7468553459119497,0.42709678
0.2038644637356483,0.7476415094339622,0.42692447
0.20442453094371324,0.7476415094339622,0.4266566
0.20442453094371324,0.7484276729559748,0.426445
0.20470456454774574,0.7484276729559748,0.4262362
0.20470456454774574,0.7492138364779874,0.42595163
0.20582469896387567,0.7492138364779874,0.42503715
0.20582469896387567,0.75,0.42495623
0.2059647157658919,0.75,0.4247493
0.2059647157658919,0.7507861635220126,0.42452374
0.20638476617194063,0.7507861635220126,0.42379186
0.20638476617194063,0.7515723270440252,0.42365414
0.20722486698403808,0.7515723270440252,0.4231006
0.20722486698403808,0.7523584905660378,0.42293152
0.2082049845981518,0.7523584905660378,0.4222321
0.2082049845981518,0.7531446540880503,0.42214042
0.208345001400168,0.7531446540880503,0.42204097
0.208345001400168,0.7539308176100629,0.4220099
0.20918510221226547,0.7539308176100629,0.42168555
0.20918510221226547,0.7547169811320755,0.42154348
0.2096051526183142,0.7547169811320755,0.42121688
0.2096051526183142,0.7555031446540881,0.421149
0.21366563987678522,0.7555031446540881,0.4178087
0.21366563987678522,0.7562893081761006,0.4177224
0.2149257910949314,0.7562893081761006,0.41674787
0.2149257910949314,0.7570754716981132,0.4165819
0.21618594231307756,0.7570754716981132,0.41606468
0.21618594231307756,0.7578616352201258,0.41606104
0.21842621114533745,0.7578616352201258,0.41498378
0.21842621114533745,0.7586477987421384,0.41483504
0.21968636236348363,0.7586477987421384,0.4141244
0.21968636236348363,0.7594339622641509,0.41411418
0.22038644637356483,0.7594339622641509,0.4137425
0.22038644637356483,0.7602201257861635,0.4136078
0.22220666479977597,0.7602201257861635,0.41282237
0.22220666479977597,0.7610062893081762,0.41275704
0.22248669840380847,0.7610062893081762,0.41269863
0.22248669840380847,0.7617924528301887,0.41261482
0.22388686642397088,0.7617924528301887,0.41189125
0.22388686642397088,0.7633647798742138,0.41181025
0.22416690002800335,0.7633647798742138,0.41165456
0.22416690002800335,0.7641509433962265,0.41162598
0.22444693363203586,0.7641509433962265,0.4112993
0.22444693363203586,0.7657232704402516,0.41122434
0.22458695043405208,0.7657232704402516,0.41113105
0.22458695043405208,0.7665094339622641,0.41112557
0.22514701764211706,0.7665094339622641,0.41088378
0.22514701764211706,0.7672955974842768,0.4107613
0.22598711845421451,0.7672955974842768,0.4103186
0.22598711845421451,0.7688679245283019,0.410211
0.22668720246429572,0.7688679245283019,0.41000924
0.22668720246429572,0.7696540880503144,0.4099726
0.2276673200784094,0.7696540880503144,0.40935367
0.2276673200784094,0.7720125786163522,0.40920857
0.22850742089050685,0.7720125786163522,0.40870023
0.22850742089050685,0.7727987421383647,0.4086401
0.22920750490058808,0.7727987421383647,0.40827534
0.22920750490058808,0.7735849056603774,0.40826327
0.23606832819938392,0.7735849056603774,0.40490344
0.23606832819938392,0.7751572327044025,0.40477374
0.2366283954074489,0.7751572327044025,0.40465587
0.2366283954074489,0.7759433962264151,0.40442708
0.23690842901148138,0.7759433962264151,0.40400854
0.23690842901148138,0.7767295597484277,0.40400416
0.23942873144777374,0.7767295597484277,0.40279102
0.23942873144777374,0.7775157232704403,0.40276378
0.2402688322598712,0.7775157232704403,0.4022503
0.2402688322598712,0.7790880503144654,0.40218478
0.24040884906188742,0.7790880503144654,0.40216613
0.24040884906188742,0.779874213836478,0.40211758
0.2409689162699524,0.779874213836478,0.40193015
0.2409689162699524,0.7806603773584906,0.40188444
0.2423690842901148,0.7806603773584906,0.400882
0.2423690842901148,0.7814465408805031,0.40083954
0.24740968916269954,0.7814465408805031,0.39833516
0.24740968916269954,0.7822327044025157,0.39831576
0.2479697563707645,0.7822327044025157,0.39782175
0.2479697563707645,0.7830188679245284,0.39776927
0.24936992439092692,0.7830188679245284,0.3967576
0.24936992439092692,0.7838050314465409,0.39666122
0.2496499579949594,0.7838050314465409,0.3965063
0.2496499579949594,0.7845911949685535,0.3964656
0.25175021002520304,0.7845911949685535,0.39588886
0.25175021002520304,0.785377358490566,0.39572486
0.2518902268272193,0.785377358490566,0.39572072
0.2518902268272193,0.7861635220125787,0.3957185
0.2532903948473817,0.7861635220125787,0.3952378
0.2532903948473817,0.7869496855345912,0.39519736
0.256370764491739,0.7869496855345912,0.39341488
0.256370764491739,0.7877358490566038,0.39340273
0.25693083169980396,0.7877358490566038,0.39290968
0.25693083169980396,0.7885220125786163,0.39287195
0.2581909829179502,0.7885220125786163,0.39238274
0.2581909829179502,0.789308176100629,0.3923459
0.25903108373004763,0.789308176100629,0.39168325
0.25903108373004763,0.7900943396226415,0.39158005
0.2595911509381126,0.7900943396226415,0.39130452
0.2595911509381126,0.7908805031446541,0.39125592
0.2602912349481938,0.7908805031446541,0.3908525
0.2602912349481938,0.7916666666666666,0.3906614
0.26183141977037244,0.7916666666666666,0.3896871
0.26183141977037244,0.7924528301886793,0.38963848
0.2622514701764212,0.7924528301886793,0.38948226
0.2622514701764212,0.7932389937106918,0.38940004
0.26323158779053485,0.7932389937106918,0.3885757
0.26323158779053485,0.7948113207547169,0.38855296
0.2647717726127135,0.7948113207547169,0.38781244
0.2647717726127135,0.7955974842767296,0.3876685
0.26491178941472976,0.7955974842767296,0.38761407
0.26491178941472976,0.7979559748427673,0.38703945
0.2653318398207785,0.7979559748427673,0.38684326
0.2653318398207785,0.7987421383647799,0.3868364
0.2660319238308597,0.7987421383647799,0.38668278
0.2660319238308597,0.7995283018867925,0.38666424
0.26771212545505463,0.7995283018867925,0.38583717
0.26771212545505463,0.800314465408805,0.38583475
0.2692523102772333,0.800314465408805,0.38510796
0.2692523102772333,0.8011006289308176,0.38507614
0.2706524782973957,0.8011006289308176,0.38439658
0.2706524782973957,0.8018867924528302,0.38434345
0.2713525623074769,0.8018867924528302,0.3839839
0.2713525623074769,0.8026729559748428,0.38390726
0.27219266311957435,0.8026729559748428,0.38366887
0.27219266311957435,0.8034591194968553,0.38360113
0.2727527303276393,0.8034591194968553,0.38338014
0.2727527303276393,0.8042452830188679,0.38319767
0.2734528143377205,0.8042452830188679,0.38297564
0.2734528143377205,0.8050314465408805,0.38290444
0.27387286474376926,0.8050314465408805,0.3823431
0.27387286474376926,0.8058176100628931,0.38232765
0.2740128815457855,0.8058176100628931,0.38230094
0.2740128815457855,0.8066037735849056,0.38228703
0.2758330999719966,0.8066037735849056,0.381604
0.2758330999719966,0.8073899371069182,0.38151133
0.2766732007840941,0.8073899371069182,0.3813611
0.2766732007840941,0.8081761006289309,0.38131216
0.27891346961635394,0.8081761006289309,0.37974948
0.27891346961635394,0.8089622641509434,0.3797342
0.27989358723046764,0.8089622641509434,0.37866622
0.27989358723046764,0.809748427672956,0.3786427
0.28115373844861385,0.809748427672956,0.3781418
0.28115373844861385,0.8105345911949685,0.3780565
0.2814337720526463,0.8105345911949685,0.37785155
0.2814337720526463,0.8113207547169812,0.3778458
0.28241388966676,0.8113207547169812,0.37744996
0.28241388966676,0.8121069182389937,0.3774213
0.2854942593111173,0.8121069182389937,0.37619063
0.2854942593111173,0.8128930817610063,0.3761678
0.28577429291514983,0.8128930817610063,0.37597188
0.28577429291514983,0.8136792452830188,0.3759284
0.29095491458975076,0.8136792452830188,0.37341633
0.29095491458975076,0.8144654088050315,0.37328085
0.29235508260991316,0.8144654088050315,0.37236735
0.29235508260991316,0.815251572327044,0.37228286
0.2936152338280594,0.815251572327044,0.3715531
0.2936152338280594,0.8160377358490566,0.37155038
0.2959955194623355,0.8160377358490566,0.37045684
0.2959955194623355,0.8168238993710691,0.3704565
0.29613553626435174,0.8168238993710691,0.37039673
0.29613553626435174,0.8176100628930818,0.37030232
0.2987958555026603,0.8176100628930818,0.3690455
0.2987958555026603,0.8183962264150944,0.3689811
0.29893587230467655,0.8183962264150944,0.3689407
0.29893587230467655,0.8191823899371069,0.36891156
0.3014561747409689,0.8191823899371069,0.3678199
0.3014561747409689,0.8199685534591195,0.36762848
0.3024362923550826,0.8199685534591195,0.36681387
0.3024362923550826,0.8207547169811321,0.36679104
0.3053766451974237,0.8207547169811321,0.36536926
0.3053766451974237,0.8215408805031447,0.36526436
0.308457014841781,0.8215408805031447,0.3637471
0.308457014841781,0.8223270440251572,0.3635781
0.30999719966395967,0.8223270440251572,0.36303496
0.30999719966395967,0.8231132075471698,0.36291158
0.3108373004760571,0.8231132075471698,0.36257187
0.3108373004760571,0.824685534591195,0.36244792
0.3113973676841221,0.824685534591195,0.3620139
0.3113973676841221,0.8254716981132075,0.3619307
0.31209745169420333,0.8254716981132075,0.36135262
0.31209745169420333,0.8262578616352201,0.3613198
0.31531783814057684,0.8262578616352201,0.35959175
0.31531783814057684,0.8270440251572327,0.3593796
0.3157378885466256,0.8270440251572327,0.35922638
0.3157378885466256,0.8278301886792453,0.3592147
0.31699803976477176,0.8278301886792453,0.3585395
0.31699803976477176,0.8286163522012578,0.35853183
0.3209185102212265,0.8286163522012578,0.3562607
0.3209185102212265,0.8294025157232704,0.3561022
0.32147857742929153,0.8294025157232704,0.3559032
0.32147857742929153,0.8301886792452831,0.3558379
0.32329879585550264,0.8301886792452831,0.35517666
0.32329879585550264,0.8309748427672956,0.35514095
0.3284794175301036,0.8309748427672956,0.3530695
0.3284794175301036,0.8317610062893082,0.35286903
0.3297395687482498,0.8317610062893082,0.35241425
0.3297395687482498,0.8333333333333334,0.35234848
0.3323998879865584,0.8333333333333334,0.35078824
0.3323998879865584,0.8341194968553459,0.3507684
0.33253990478857465,0.8341194968553459,0.35075143
0.33253990478857465,0.8349056603773585,0.35068744
0.3328199383926071,0.8349056603773585,0.35062245
0.33295995519462335,0.8349056603773585,0.35060015
0.33295995519462335,0.835691823899371,0.35055745
0.3335200224026883,0.835691823899371,0.3504514
0.3335200224026883,0.8364779874213837,0.35043457
0.33366003920470455,0.8364779874213837,0.35031497
0.33366003920470455,0.8372641509433962,0.35026452
0.33422010641276956,0.8372641509433962,0.35017076
0.33422010641276956,0.8380503144654088,0.3500534
0.3377205264631756,0.8380503144654088,0.34823483
0.3377205264631756,0.8388364779874213,0.3480365
0.33954074488938674,0.8388364779874213,0.34700087
0.33954074488938674,0.8404088050314465,0.34691918
0.339680761691403,0.8404088050314465,0.34691906
0.339680761691403,0.8419811320754716,0.34685928
0.3415009801176141,0.8419811320754716,0.34617725
0.3415009801176141,0.8427672955974843,0.34613025
0.3459815177821339,0.8427672955974843,0.34425098
0.3459815177821339,0.8435534591194969,0.34424114
0.3465415849901988,0.8435534591194969,0.34400272
0.3465415849901988,0.8443396226415094,0.34399953
0.3546625595071409,0.8443396226415094,0.3407759
0.3546625595071409,0.845125786163522,0.3406604
0.35788294595351444,0.845125786163522,0.33929273
0.35788294595351444,0.8459119496855346,0.33924097
0.3588630635676281,0.8459119496855346,0.3390625
0.3588630635676281,0.8466981132075472,0.33896852
0.3629235508260991,0.8466981132075472,0.33692154
0.3629235508260991,0.8482704402515723,0.33655968
0.3650238028563428,0.8482704402515723,0.33561116
0.3650238028563428,0.8490566037735849,0.3355928
0.36628395407448894,0.8490566037735849,0.33515307
0.36628395407448894,0.8498427672955975,0.3351194
0.3668440212825539,0.8498427672955975,0.33452442
0.3668440212825539,0.85062893081761,0.33445257
0.3699243909269112,0.85062893081761,0.33363476
0.3699243909269112,0.8514150943396226,0.3336176
0.3727247269672361,0.8514150943396226,0.3324169
0.3730047605712686,0.8514150943396226,0.33240288
0.3758050966115934,0.8514150943396226,0.33165416
0.3758050966115934,0.8522012578616353,0.33164865
0.3762251470176421,0.8522012578616353,0.3315327
0.3762251470176421,0.8529874213836478,0.3314806
0.3765051806216746,0.8529874213836478,0.33141953
0.3765051806216746,0.8537735849056604,0.3313066
0.3781853822458695,0.8537735849056604,0.3304731
0.3781853822458695,0.8545597484276729,0.3304672
0.37874544945393446,0.8545597484276729,0.33004418
0.37874544945393446,0.8553459119496856,0.3295698
0.38112573508821057,0.8553459119496856,0.32882467
0.38112573508821057,0.8561320754716981,0.32877138
0.3816858022962756,0.8561320754716981,0.32846993
0.3816858022962756,0.8569182389937107,0.32838082
0.3821058527023243,0.8569182389937107,0.32831666
0.3821058527023243,0.8577044025157232,0.32826075
0.3842061047325679,0.8577044025157232,0.32742932
0.3842061047325679,0.8584905660377359,0.32736927
0.38434612153458414,0.8584905660377359,0.32734025
0.38434612153458414,0.8592767295597484,0.3273002
0.3844861383366004,0.8592767295597484,0.3272824
0.3844861383366004,0.860062893081761,0.32725415
0.38532623914869785,0.860062893081761,0.32683343
0.38532623914869785,0.8608490566037735,0.3267778
0.3931671800616074,0.8608490566037735,0.32406163
0.3931671800616074,0.8616352201257862,0.32399708
0.39400728087370485,0.8616352201257862,0.32342628
0.39400728087370485,0.8624213836477987,0.3233061
0.3945673480817698,0.8624213836477987,0.32320136
0.3945673480817698,0.8632075471698113,0.32318118
0.395827499299916,0.8632075471698113,0.32286593
0.395827499299916,0.8639937106918238,0.32284427
0.3969476337160459,0.8639937106918238,0.32236883
0.3969476337160459,0.8647798742138365,0.32234898
0.39778773452814337,0.8647798742138365,0.3219902
0.39778773452814337,0.8655660377358491,0.3219695
0.40030803696443573,0.8655660377358491,0.32076877
0.40030803696443573,0.8663522012578616,0.32072043
0.40072808737048443,0.8663522012578616,0.3206264
0.40072808737048443,0.8671383647798742,0.32058948
0.4014281713805657,0.8671383647798742,0.32030842
0.4014281713805657,0.8679245283018868,0.32030103
0.4068888266591991,0.8679245283018868,0.3180961
0.4068888266591991,0.8687106918238994,0.31797612
0.4070288434612154,0.8687106918238994,0.31795847
0.4070288434612154,0.8694968553459119,0.3179327
0.40968916269952393,0.8694968553459119,0.31703585
0.40968916269952393,0.8702830188679245,0.31691933
0.40996919630355644,0.8702830188679245,0.31669495
0.40996919630355644,0.8710691823899371,0.31668192
0.4101092131055727,0.8710691823899371,0.31654721
0.4101092131055727,0.8718553459119497,0.31645948
0.4102492299075889,0.8718553459119497,0.31635037
0.4102492299075889,0.8726415094339622,0.31618991
0.41108933071968634,0.8726415094339622,0.31589535
0.41108933071968634,0.8734276729559748,0.31581077
0.4122094651358163,0.8734276729559748,0.31528836
0.4122094651358163,0.8742138364779874,0.3152175
0.41374964995799496,0.8742138364779874,0.3149634
0.41374964995799496,0.875,0.3148358
0.41472976757210867,0.875,0.31451258
0.41472976757210867,0.8757861635220126,0.31447962
0.42033043965275835,0.8757861635220126,0.3126061
0.42033043965275835,0.8765723270440252,0.31252134
0.4204704564547746,0.8765723270440252,0.31248406
0.4204704564547746,0.8773584905660378,0.31236136
0.4255110613273593,0.8773584905660378,0.3108134
0.4255110613273593,0.8781446540880503,0.31078568
0.4269112293475217,0.8781446540880503,0.3103398
0.4269112293475217,0.8789308176100629,0.3102259
0.42705124614953793,0.8789308176100629,0.31015265
0.42705124614953793,0.8797169811320755,0.31012693
0.4295715485858303,0.8797169811320755,0.30869728
0.4295715485858303,0.8805031446540881,0.3086341
0.43209185102212266,0.8805031446540881,0.30777168
0.43209185102212266,0.8812893081761006,0.30767617
0.43279193503220387,0.8812893081761006,0.30753097
0.43279193503220387,0.8820754716981132,0.30751008
0.43307196863623637,0.8820754716981132,0.30745804
0.43307196863623637,0.8828616352201258,0.30744532
0.43643237188462614,0.8828616352201258,0.30613452
0.43643237188462614,0.8836477987421384,0.30601
0.4375525063007561,0.8836477987421384,0.30572268
0.4375525063007561,0.8844339622641509,0.30564728
0.4378325399047886,0.8844339622641509,0.3055526
0.4378325399047886,0.8852201257861635,0.30549884
0.43951274152898345,0.8852201257861635,0.30495495
0.43951274152898345,0.8860062893081762,0.30488953
0.4403528423410809,0.8860062893081762,0.30458385
0.4403528423410809,0.8867924528301887,0.30457193
0.4416129935592271,0.8867924528301887,0.30429307
0.4416129935592271,0.8875786163522013,0.30426142
0.442733127975357,0.8875786163522013,0.3039112
0.442733127975357,0.8883647798742138,0.3038341
0.44497339680761694,0.8883647798742138,0.3030764
0.44497339680761694,0.8907232704402516,0.30301276
0.44539344721366564,0.8907232704402516,0.3027651
0.44539344721366564,0.8915094339622641,0.30274534
0.4469336320358443,0.8915094339622641,0.30210444
0.4469336320358443,0.8922955974842768,0.30202645
0.4507140856902828,0.8922955974842768,0.30064783
0.4507140856902828,0.8930817610062893,0.30064243
0.4515541865023803,0.8930817610062893,0.30043024
0.4515541865023803,0.8938679245283019,0.30038682
0.4558947073648838,0.8938679245283019,0.2989456
0.4558947073648838,0.8946540880503144,0.2988404
0.4582749929991599,0.8946540880503144,0.2980899
0.4582749929991599,0.8954402515723271,0.29801953
0.4596751610193223,0.8954402515723271,0.29738533
0.4596751610193223,0.8962264150943396,0.29737166
0.4631755810697284,0.8962264150943396,0.29617542
0.4631755810697284,0.8970125786163522,0.29614675
0.4635956314757771,0.8970125786163522,0.29585102
0.4635956314757771,0.8977987421383647,0.2958354
0.46471576589190705,0.8977987421383647,0.29533416
0.46471576589190705,0.8985849056603774,0.29532206
0.46485578269392325,0.8985849056603774,0.2953063
0.46485578269392325,0.89937106918239,0.29524618
0.4666760011201344,0.89937106918239,0.29446346
0.4666760011201344,0.9001572327044025,0.29445836
0.46681601792215066,0.9001572327044025,0.2944348
0.46681601792215066,0.9009433962264151,0.29442468
0.46751610193223186,0.9009433962264151,0.2942582
0.46751610193223186,0.9017295597484277,0.29424867
0.4753570428451414,0.9017295597484277,0.29122826
0.4753570428451414,0.9033018867924528,0.29112193
0.47647717726127137,0.9033018867924528,0.29082152
0.47647717726127137,0.9040880503144654,0.29080835
0.47689722766732007,0.9040880503144654,0.29062456
0.47689722766732007,0.904874213836478,0.29061103
0.47717726127135257,0.904874213836478,0.2905889
0.47717726127135257,0.9056603773584906,0.2905672
0.4781573788854663,0.9056603773584906,0.29020992
0.4781573788854663,0.9064465408805031,0.29019246
0.4829179501540185,0.9064465408805031,0.2880848
0.4829179501540185,0.9072327044025157,0.28808144
0.4893587230467656,0.9072327044025157,0.28584683
0.4893587230467656,0.9080188679245284,0.285804
0.49355922710725286,0.9080188679245284,0.28444186
0.49355922710725286,0.9088050314465409,0.2844143
0.4941192943153178,0.9088050314465409,0.28430656
0.4941192943153178,0.9095911949685535,0.28420642
0.4997199663959675,0.9095911949685535,0.28173774
0.4997199663959675,0.910377358490566,0.28172612
0.5012601512181462,0.910377358490566,0.28105763
0.5012601512181462,0.9111635220125787,0.2809769
0.5032203864463736,0.9111635220125787,0.28023225
0.5032203864463736,0.9119496855345912,0.28021002
0.5035004200504061,0.9119496855345912,0.28000954
0.5035004200504061,0.9127358490566038,0.28000262
0.5137216465975917,0.9127358490566038,0.27595338
0.5137216465975917,0.9135220125786163,0.27595195
0.5140016802016242,0.9135220125786163,0.27583873
0.5140016802016242,0.914308176100629,0.2757977
0.5175021002520303,0.914308176100629,0.27440903
0.5175021002520303,0.9150943396226415,0.27434704
0.5177821338560628,0.9150943396226415,0.27412584
0.5177821338560628,0.9158805031446541,0.27411497
0.517922150658079,0.9158805031446541,0.27409413
0.517922150658079,0.9166666666666666,0.2740107
0.5239428731447774,0.9166666666666666,0.2720766
0.5239428731447774,0.9174528301886793,0.27203083
0.5247829739568748,0.9174528301886793,0.2717684
0.5247829739568748,0.9182389937106918,0.2717538
0.524922990758891,0.9182389937106918,0.2716089
0.524922990758891,0.9190251572327044,0.27156374
0.5253430411649398,0.9190251572327044,0.27139997
0.5253430411649398,0.9198113207547169,0.27132532
0.5268832259871185,0.9198113207547169,0.2707803
0.5268832259871185,0.9205974842767296,0.2707721
0.5287034444133296,0.9205974842767296,0.27002808
0.5287034444133296,0.9213836477987422,0.2700263
0.529543545225427,0.9213836477987422,0.26982874
0.529543545225427,0.9221698113207547,0.26980177
0.5331839820778493,0.9221698113207547,0.26869893
0.5331839820778493,0.9229559748427673,0.26867917
0.5337440492859143,0.9229559748427673,0.26842892
0.5337440492859143,0.9237421383647799,0.2683749
0.534164099691963,0.9237421383647799,0.26809284
0.534164099691963,0.9245283018867925,0.2680519
0.5382245869504341,0.9245283018867925,0.26668814
0.5382245869504341,0.925314465408805,0.2666235
0.5401848221786615,0.925314465408805,0.26592663
0.5401848221786615,0.9261006289308176,0.26589108
0.5439652758331,0.9261006289308176,0.26459393
0.5439652758331,0.9268867924528302,0.2645678
0.5470456454774573,0.9268867924528302,0.26351038
0.5470456454774573,0.9276729559748428,0.26349097
0.5481657798935873,0.9276729559748428,0.26320568
0.5481657798935873,0.9284591194968553,0.26313692
0.5557266872024643,0.9284591194968553,0.26018098
0.5557266872024643,0.9292452830188679,0.26018026
0.5565667880145617,0.9292452830188679,0.2598438
0.5565667880145617,0.9300314465408805,0.25984204
0.5621674600952115,0.9300314465408805,0.25748628
0.5621674600952115,0.9308176100628931,0.2574703
0.5658078969476337,0.9308176100628931,0.25606847
0.5658078969476337,0.9316037735849056,0.25595266
0.5666479977597312,0.9316037735849056,0.25561455
0.5666479977597312,0.9323899371069182,0.2556064
0.5670680481657799,0.9323899371069182,0.25539368
0.5670680481657799,0.9331761006289309,0.25532326
0.5708485018202184,0.9331761006289309,0.25407478
0.5708485018202184,0.9339622641509434,0.25396672
0.5712685522262672,0.9339622641509434,0.25370008
0.5712685522262672,0.934748427672956,0.25363636
0.5730887706524783,0.934748427672956,0.2529333
0.5730887706524783,0.9355345911949685,0.2528754
0.5764491739008681,0.9355345911949685,0.25170255
0.5764491739008681,0.9363207547169812,0.25169316
0.5782693923270793,0.9363207547169812,0.25087604
0.5782693923270793,0.9371069182389937,0.25086856
0.5841500980117614,0.9371069182389937,0.2485844
0.5841500980117614,0.9378930817610063,0.24847761
0.5884906188742649,0.9378930817610063,0.24679774
0.5884906188742649,0.9386792452830188,0.24679127
0.5947913749649958,0.9386792452830188,0.24446549
0.5947913749649958,0.9394654088050315,0.24443838
0.6017922150658079,0.9394654088050315,0.24183182
0.6017922150658079,0.940251572327044,0.24180856
0.6104732567908149,0.940251572327044,0.23780073
0.6104732567908149,0.9410377358490566,0.23779215
0.6107532903948474,0.9410377358490566,0.23762038
0.6107532903948474,0.9418238993710691,0.23761594
0.6121534584150098,0.9418238993710691,0.23723055
0.6121534584150098,0.9426100628930818,0.2372283
0.6129935592271073,0.9426100628930818,0.23678572
0.6129935592271073,0.9433962264150944,0.23678374
0.6131335760291234,0.9433962264150944,0.23678192
0.6131335760291234,0.9441823899371069,0.23674355
0.6177541304956595,0.9441823899371069,0.23494712
0.6177541304956595,0.9449685534591195,0.23485102
0.6225147017642118,0.9449685534591195,0.23319922
0.6225147017642118,0.9457547169811321,0.23317903
0.6241949033884067,0.9457547169811321,0.2326919
0.6241949033884067,0.9465408805031447,0.23267579
0.631335760291235,0.9465408805031447,0.22960998
0.631335760291235,0.9473270440251572,0.22954248
0.6360963315597872,0.9473270440251572,0.22738166
0.6360963315597872,0.9481132075471698,0.22719504
0.6380565667880146,0.9481132075471698,0.2265375
0.6380565667880146,0.9488993710691824,0.22653507
0.6395967516101932,0.9488993710691824,0.22613193
0.6395967516101932,0.949685534591195,0.22588028
0.6488378605432652,0.949685534591195,0.2226242
0.6488378605432652,0.9504716981132075,0.22252633
0.6510781293755251,0.9504716981132075,0.22143145
0.6510781293755251,0.9512578616352201,0.22133787
0.6540184822178662,0.9512578616352201,0.22026409
0.6540184822178662,0.9520440251572327,0.22022551
0.6610193223186782,0.9520440251572327,0.2166803
0.6610193223186782,0.9528301886792453,0.21659933
0.6692803136376365,0.9528301886792453,0.21290463
0.6692803136376365,0.9536163522012578,0.21287337
0.6720806496779613,0.9536163522012578,0.21101998
0.6720806496779613,0.9544025157232704,0.21091196
0.6761411369364324,0.9544025157232704,0.20887743
0.6761411369364324,0.9551886792452831,0.20886046
0.6859423130775693,0.9551886792452831,0.204558
0.6859423130775693,0.9567610062893082,0.20449193
0.6867824138896668,0.9567610062893082,0.20428756
0.6867824138896668,0.9575471698113207,0.20425518
0.686922430691683,0.9575471698113207,0.20423037
0.686922430691683,0.9583333333333334,0.20407549
0.6907028843461215,0.9583333333333334,0.20301344
0.6907028843461215,0.9591194968553459,0.20300011
0.7005040604872584,0.9591194968553459,0.19854346
0.7005040604872584,0.9599056603773585,0.19853815
0.7026043125175021,0.9599056603773585,0.1976819
0.7026043125175021,0.960691823899371,0.1976802
0.7031643797255671,0.960691823899371,0.19742168
0.7031643797255671,0.9614779874213837,0.197407
0.7035844301316158,0.9614779874213837,0.19732895
0.7035844301316158,0.9622641509433962,0.19728757
0.7040044805376645,0.9622641509433962,0.1970373
0.7040044805376645,0.9630503144654088,0.19702433
0.7073648837860543,0.9630503144654088,0.19538218
0.7073648837860543,0.9638364779874213,0.19533749
0.7121254550546066,0.9638364779874213,0.19309182
0.7121254550546066,0.964622641509434,0.19308217
0.7145057406888826,0.964622641509434,0.19201855
0.7145057406888826,0.9654088050314465,0.19195175
0.7206664799775974,0.9654088050314465,0.1893214
0.7206664799775974,0.9661949685534591,0.18916872
0.7243069168300196,0.9661949685534591,0.18787016
0.7243069168300196,0.9669811320754716,0.18783966
0.7321478577429291,0.9669811320754716,0.1846107
0.7321478577429291,0.9677672955974843,0.18454883
0.7322878745449454,0.9677672955974843,0.18451601
0.7322878745449454,0.9685534591194969,0.18449296
0.7355082609913189,0.9685534591194969,0.18277626
0.7355082609913189,0.9693396226415094,0.18251006
0.7411089330719687,0.9693396226415094,0.17987476
0.7411089330719687,0.970125786163522,0.17975858
0.7422290674880986,0.970125786163522,0.17933977
0.7422290674880986,0.9709119496855346,0.17930436
0.7440492859143097,0.9709119496855346,0.17849055
0.7440492859143097,0.9716981132075472,0.17834167
0.7504900588070569,0.9716981132075472,0.1748008
0.7504900588070569,0.9724842767295597,0.17478941
0.7545505460655278,0.9724842767295597,0.1734077
0.7545505460655278,0.9732704402515723,0.17336155
0.7693923270792495,0.9732704402515723,0.16586003
0.7693923270792495,0.9740566037735849,0.16573456
0.7720526463175581,0.9740566037735849,0.16479163
0.7720526463175581,0.9748427672955975,0.16477044
0.7759731167740129,0.9748427672955975,0.16317908
0.7759731167740129,0.97562893081761,0.16312781
0.7780733688042565,0.97562893081761,0.16204625
0.7780733688042565,0.9764150943396226,0.16202489
0.778353402408289,0.9764150943396226,0.16188772
0.778353402408289,0.9772012578616353,0.1615991
0.7794735368244189,0.9772012578616353,0.16098061
0.7794735368244189,0.9779874213836478,0.16092977
0.7838140576869225,0.9779874213836478,0.15958793
0.7838140576869225,0.9787735849056604,0.15948766
0.7871744609353123,0.9787735849056604,0.1580209
0.7871744609353123,0.9795597484276729,0.15800893
0.7896947633716046,0.9795597484276729,0.1570539
0.7896947633716046,0.9803459119496856,0.1570479
0.7902548305796696,0.9803459119496856,0.15689822
0.7902548305796696,0.9811320754716981,0.15654081
0.7926351162139457,0.9811320754716981,0.15535004
0.7926351162139457,0.9819182389937107,0.15534957
0.796275553066368,0.9819182389937107,0.15329908
0.796275553066368,0.9827044025157232,0.15329216
0.8028563427611314,0.9827044025157232,0.15012842
0.8028563427611314,0.9834905660377359,0.15010372
0.8129375525063007,0.9834905660377359,0.14475064
0.8129375525063007,0.985062893081761,0.14472218
0.813637636516382,0.985062893081761,0.14440209
0.813637636516382,0.9866352201257862,0.14431235
0.825819098291795,0.9866352201257862,0.13700601
0.825819098291795,0.9874213836477987,0.13697372
0.8284794175301036,0.9874213836477987,0.13534366
0.8284794175301036,0.9882075471698113,0.13528576
0.8413609633155978,0.9882075471698113,0.12932114
0.8413609633155978,0.9897798742138365,0.12926236
0.8493419210305236,0.9897798742138365,0.12511232
0.8493419210305236,0.9905660377358491,0.12506565
0.8569028283394007,0.9905660377358491,0.1218724
0.8569028283394007,0.9913522012578616,0.1216463
0.8688042565107813,0.9913522012578616,0.115722306
0.8688042565107813,0.9921383647798742,0.11568944
0.87034444133296,0.9921383647798742,0.11491679
0.87034444133296,0.9929245283018868,0.114785045
0.877905348641837,0.9929245283018868,0.11093651
0.877905348641837,0.9937106918238994,0.11089846
0.8966676001120134,0.9937106918238994,0.10341481
0.8966676001120134,0.9944968553459119,0.103406444
0.8986278353402408,0.9944968553459119,0.10217732
0.8989078689442733,0.9944968553459119,0.10200547
0.9015681881825819,0.9944968553459119,0.09951521
0.9015681881825819,0.9952830188679245,0.09944424
0.9082889946793615,0.9952830188679245,0.097104944
0.9082889946793615,0.9960691823899371,0.096663065
0.9119294315317839,0.9960691823899371,0.09431899
0.9119294315317839,0.9968553459119497,0.094318464
0.9522542705124615,0.9968553459119497,0.07100116
0.9522542705124615,0.9976415094339622,0.07097788
0.9596751610193223,0.9976415094339622,0.06550332
0.9596751610193223,0.9984276729559748,0.06545814
0.9908989078689443,0.9984276729559748,0.029693898
0.9908989078689443,0.9992138364779874,0.029518725
0.9949593951274153,0.9992138364779874,0.019235339
0.9949593951274153,1.0,0.019031424
1.0,1.0,4.825072e-07
